Model,Accuracy,Precision,Recall,F1-score,ROC-AUC
Logistic Regression,0.8624078624078624,0.865,0.9942528735632183,0.9251336898395722,0.7070670173387883
Random Forest,0.8427518427518428,0.8717277486910995,0.9568965517241379,0.9123287671232877,0.7054110656536139
Support Vector Machine,0.85995085995086,0.8592592592592593,1.0,0.9243027888446215,0.6821546853691799
XGBoost,0.8452088452088452,0.8759894459102903,0.9540229885057471,0.9133425034387895,0.6981297486849796
