Model,Accuracy,Precision,Recall,F1-score,ROC-AUC
Logistic Regression,0.6511056511056511,0.9153225806451613,0.6522988505747126,0.761744966442953,0.7061659848042081
Random Forest,0.8427518427518428,0.8717277486910995,0.9568965517241379,0.9123287671232877,0.7067260861094876
Support Vector Machine,0.6658476658476659,0.9015151515151515,0.6839080459770115,0.7777777777777778,0.7088447301772842
XGBoost,0.8452088452088452,0.8759894459102903,0.9540229885057471,0.9133425034387895,0.6981297486849796
